{"dokkaebees/totilssue": {"impact_atk": {}, "roam_atk": {}, "impact_def": {}, "roam_def": {}, "impact_avg_atk": 0.0, "impact_avg_def": 0.0, "roam_avg_atk": 0.0, "roam_avg_def": 0.0}, "dokkaebees/strongabongla": {"impact_atk": {"GLAZ": 11.172797833935014, "ACE": 3.5518411552346563}, "roam_atk": {"GLAZ": 7.084, "ACE": -1.0100000000000002}, "impact_def": {"FENRIR": 22.587429577464793, "J\u00c4GER": 11.221549295774647}, "roam_def": {"FENRIR": 11.750000000000002, "J\u00c4GER": 3.1560000000000006}, "impact_avg_atk": 7.362319494584836, "impact_avg_def": 16.90448943661972, "roam_avg_atk": 3.037, "roam_avg_def": 7.453000000000001}, "dokkaebees/lord_squishers": {"impact_atk": {"MAVERICK": 7.191376306620207, "YING": 5.231820557491288, "ACE": 5.065984320557489, "ZOFIA": 2.93378919860627, "SLEDGE": 2.64979094076655, "ASH": 1.5265766550522641, "NOMAD": 1.503484320557491, "THATCHER": -0.22994773519163764, "BUCK": -0.834163763066203, "GRIDLOCK": -1.734599303135889, "N\u00d8KK": -1.7761236933797897, "FUZE": -5.141123693379795, "BLITZ": -6.422569686411148, "IANA": -15.804407665505229}, "roam_atk": {"ACE": 7.616, "MAVERICK": 5.937999999999999, "NOMAD": 4.8820000000000014, "ASH": 3.8779999999999992, "SLEDGE": 2.829999999999999, "GRIDLOCK": 2.3, "ZOFIA": 2.2420000000000004, "FUZE": 1.9399999999999995, "N\u00d8KK": 1.7180000000000006, "THATCHER": 0.8839999999999998, "YING": -0.8939999999999999, "BLITZ": -1.4539999999999988, "BUCK": -5.602000000000001, "IANA": -8.102}, "impact_def": {"KAID": 24.67972103004292, "MIRA": 18.09562231759657, "VIGIL": 17.220912017167386, "BANDIT": 13.604871244635195, "MOZZIE": 12.42381974248927, "THORN": 10.773969957081544, "MUTE": 10.04013948497854, "ROOK": 9.718830472103004, "CASTLE": 7.821748927038628, "MELUSI": 6.702575107296136, "SMOKE": 5.67672746781116, "VALKYRIE": 3.655504291845494, "KAPKAN": 3.638412017167382, "LESION": 3.005901287553648}, "roam_def": {"KAID": 15.092000000000002, "VALKYRIE": 9.616, "MIRA": 9.564, "MUTE": 9.396, "SMOKE": 8.302000000000001, "VIGIL": 8.192, "MOZZIE": 7.787999999999999, "CASTLE": 7.7520000000000024, "BANDIT": 7.2139999999999995, "ROOK": 6.812000000000001, "KAPKAN": 6.783999999999999, "LESION": 5.464, "MELUSI": 3.6800000000000006, "THORN": 3.1339999999999986}, "impact_avg_atk": -0.41715094574415207, "impact_avg_def": 10.504196811771921, "roam_avg_atk": 1.2982857142857145, "roam_avg_def": 7.770714285714286}, "dokkaebees/shubielah": {"impact_atk": {"ASH": 12.282302302302304, "ACE": 10.546756756756754, "HIBANA": 8.741951951951956, "SLEDGE": 3.684104104104104, "BUCK": 1.3946021021021022, "THERMITE": 1.3518518518518519, "FINKA": 0.1646521521521535, "NOMAD": -3.743696196196196, "CAPIT\u00c3O": -4.398148148148148, "THATCHER": -8.193696196196194, "LION": -9.544246746746746, "IANA": -10.154794794794794}, "roam_atk": {"HIBANA": 9.532, "ASH": 7.842000000000002, "CAPIT\u00c3O": 6.336, "BUCK": 5.654, "THERMITE": 5.6160000000000005, "SLEDGE": 5.16, "ACE": 4.273999999999999, "NOMAD": 3.9400000000000004, "FINKA": 1.1880000000000002, "IANA": 1.186, "LION": -0.6460000000000008, "THATCHER": -4.076000000000001}, "impact_def": {"BANDIT": 19.14223684210526, "MIRA": 14.82236842105263, "MUTE": 13.842500000000001, "AZAMI": 11.92157894736842, "LESION": 7.17921052631579, "FENRIR": 6.628947368421053, "DOC": 6.109210526315792, "WAMAI": 5.664473684210527, "KAID": 5.5435526315789465, "WARDEN": -5.355263157894737, "FROST": -5.359868421052633}, "roam_def": {"BANDIT": 16.244, "LESION": 13.040000000000001, "MIRA": 11.738, "KAID": 11.522, "DOC": 10.344, "MUTE": 9.447999999999999, "AZAMI": 9.287999999999998, "WAMAI": 6.636000000000001, "FENRIR": 6.164, "WARDEN": 3.024, "FROST": 2.032}, "impact_avg_atk": 0.1776365949282616, "impact_avg_def": 7.285358851674641, "roam_avg_atk": 3.833833333333333, "roam_avg_def": 9.043636363636363}, "dokkaebees/fury": {"impact_atk": {"SLEDGE": 35.40653439153439, "IANA": 19.064484126984127, "LION": 18.54100529100529}, "roam_atk": {"LION": 12.698, "IANA": 7.766, "SLEDGE": 1.5580000000000003}, "impact_def": {"AZAMI": 46.47083333333333}, "roam_def": {"AZAMI": 7.548}, "impact_avg_atk": 24.33734126984127, "impact_avg_def": 46.47083333333333, "roam_avg_atk": 7.3406666666666665, "roam_avg_def": 7.548}}