{"dokkaebees/totilssue": {"impact_atk": {"THERMITE": 11.683747412008284, "THATCHER": 7.100590062111802, "ASH": 5.981972049689441, "N\u00d8KK": 4.070258799171844, "FINKA": 3.1195703933747403, "HIBANA": 2.5980900621118, "BUCK": -2.912867494824014, "KALI": -4.147370600414081, "ACE": -5.229409937888201, "ZERO": -11.6668115942029}, "roam_atk": {"THERMITE": 8.142, "THATCHER": 7.867999999999999, "KALI": 5.162, "N\u00d8KK": 3.5060000000000002, "ACE": 3.001999999999999, "ZERO": 2.8339999999999996, "ASH": 2.3640000000000003, "HIBANA": 0.39999999999999925, "FINKA": -1.5120000000000007, "BUCK": -1.6339999999999995}, "impact_def": {"ALIBI": 22.41941075514874, "KAID": 21.84982837528604, "THORN": 16.88057780320366, "DOC": 15.661241418764305, "ARUNI": 9.878152173913042, "VALKYRIE": 7.491824942791761, "VIGIL": 4.7366590389016014, "BANDIT": -7.58867276887872}, "roam_def": {"ALIBI": 19.288, "THORN": 14.076, "KAID": 11.372, "VALKYRIE": 10.066, "DOC": 7.662000000000001, "ARUNI": 6.075999999999999, "VIGIL": -0.19600000000000006, "BANDIT": -6.444}, "impact_avg_atk": 4.878988957902002, "impact_avg_def": 17.160410469107553, "roam_avg_atk": 7.057333333333332, "roam_avg_def": 13.700500000000002}, "dokkaebees/ropokoai": {"impact_atk": {"MONTAGNE": 5.40154255319149, "ACE": 4.3401595744680845, "HIBANA": 3.0720212765957458, "FUZE": 2.6354787234042543, "GRIDLOCK": 1.2650531914893592, "DOKKAEBI": -4.211808510638301, "THERMITE": -14.578031914893618}, "roam_atk": {"MONTAGNE": 10.604, "FUZE": 9.284, "GRIDLOCK": 4.363999999999999, "HIBANA": 4.0760000000000005, "DOKKAEBI": 3.8520000000000003, "THERMITE": 2.692, "ACE": 0.9539999999999984}, "impact_def": {"ROOK": 29.485897435897435, "CASTLE": 24.38290598290598, "ORYX": 20.155982905982906, "CLASH": 2.416666666666666, "DOC": -3.4140598290598296, "VIGIL": -5.1589957264957285}, "roam_def": {"ROOK": 13.39, "CLASH": 10.112, "ORYX": 6.34, "DOC": 6.236000000000001, "VIGIL": 5.376, "CASTLE": 5.247999999999998}, "impact_avg_atk": 3.0935239361702123, "impact_avg_def": 15.95128205128205, "roam_avg_atk": 7.081999999999999, "roam_avg_def": 11.751000000000001}, "dokkaebees/lord_squishers": {"impact_atk": {"MAVERICK": 7.191376306620207, "YING": 5.231820557491288, "ACE": 5.065984320557489, "ZOFIA": 2.93378919860627, "SLEDGE": 2.64979094076655, "CAPIT\u00c3O": 1.7081881533101044, "ASH": 1.5265766550522641, "NOMAD": 1.503484320557491, "THATCHER": -0.22994773519163764, "TWITCH": -0.7093118466898957, "BUCK": -0.834163763066203, "GRIDLOCK": -1.734599303135889, "N\u00d8KK": -1.7761236933797897, "FUZE": -5.141123693379795, "LION": -5.516811846689897, "BLITZ": -6.422569686411148, "SENS": -12.146149825783974, "IANA": -15.804407665505229}, "roam_atk": {"ACE": 7.616, "MAVERICK": 5.937999999999999, "NOMAD": 4.8820000000000014, "LION": 3.8919999999999995, "ASH": 3.8779999999999992, "SLEDGE": 2.829999999999999, "GRIDLOCK": 2.3, "ZOFIA": 2.2420000000000004, "FUZE": 1.9399999999999995, "N\u00d8KK": 1.7180000000000006, "TWITCH": 1.428, "SENS": 1.0, "THATCHER": 0.8839999999999998, "YING": -0.8939999999999999, "BLITZ": -1.4539999999999988, "CAPIT\u00c3O": -1.6879999999999997, "BUCK": -5.602000000000001, "IANA": -8.102}, "impact_def": {"ELA": 28.108369098712448, "KAID": 24.67972103004292, "MIRA": 18.09562231759657, "AZAMI": 17.244635193133046, "VIGIL": 17.220912017167386, "BANDIT": 13.604871244635195, "MOZZIE": 12.42381974248927, "THORN": 10.773969957081544, "MUTE": 10.04013948497854, "ROOK": 9.718830472103004, "CASTLE": 7.821748927038628, "GOYO": 6.779206008583692, "MELUSI": 6.702575107296136, "SMOKE": 5.67672746781116, "ALIBI": 5.572124463519314, "WARDEN": 4.559635193133048, "VALKYRIE": 3.655504291845494, "KAPKAN": 3.638412017167382, "LESION": 3.005901287553648, "WAMAI": -10.403701716738198}, "roam_def": {"KAID": 15.092000000000002, "ELA": 14.808, "GOYO": 12.634, "VALKYRIE": 9.616, "MIRA": 9.564, "MUTE": 9.396, "SMOKE": 8.302000000000001, "VIGIL": 8.192, "MOZZIE": 7.787999999999999, "CASTLE": 7.7520000000000024, "BANDIT": 7.2139999999999995, "ALIBI": 7.208, "ROOK": 6.812000000000001, "KAPKAN": 6.783999999999999, "LESION": 5.464, "AZAMI": 4.602, "MELUSI": 3.6800000000000006, "THORN": 3.1339999999999986, "WARDEN": 1.9079999999999997, "WAMAI": -0.39399999999999924}, "impact_avg_atk": 4.586948315911729, "impact_avg_def": 14.282025214592274, "roam_avg_atk": 6.145333333333333, "roam_avg_def": 10.950500000000002}, "dokkaebees/shubielah": {"impact_atk": {"ASH": 12.282302302302304, "ACE": 10.546756756756754, "HIBANA": 8.741951951951956, "FLORES": 6.586251251251252, "IQ": 3.763951451451452, "SLEDGE": 3.684104104104104, "BUCK": 1.3946021021021022, "THERMITE": 1.3518518518518519, "FINKA": 0.1646521521521535, "OSA": -0.5137487487487491, "NOMAD": -3.743696196196196, "CAPIT\u00c3O": -4.398148148148148, "THATCHER": -8.193696196196194, "LION": -9.544246746746746, "IANA": -10.154794794794794}, "roam_atk": {"HIBANA": 9.532, "ASH": 7.842000000000002, "IQ": 7.08, "FLORES": 6.41, "CAPIT\u00c3O": 6.336, "BUCK": 5.654, "THERMITE": 5.6160000000000005, "SLEDGE": 5.16, "ACE": 4.273999999999999, "NOMAD": 3.9400000000000004, "OSA": 3.4679999999999995, "FINKA": 1.1880000000000002, "IANA": 1.186, "LION": -0.6460000000000008, "THATCHER": -4.076000000000001}, "impact_def": {"BANDIT": 19.14223684210526, "MIRA": 14.82236842105263, "MUTE": 13.842500000000001, "AZAMI": 11.92157894736842, "THORN": 8.348684210526315, "LESION": 7.17921052631579, "KAPKAN": 7.113552631578949, "FENRIR": 6.628947368421053, "DOC": 6.109210526315792, "WAMAI": 5.664473684210527, "KAID": 5.5435526315789465, "J\u00c4GER": 2.615394736842105, "VIGIL": 1.0263157894736843, "SOLIS": -3.1617105263157907, "WARDEN": -5.355263157894737, "FROST": -5.359868421052633, "VALKYRIE": -5.744736842105265, "SMOKE": -7.744736842105265}, "roam_def": {"BANDIT": 16.244, "LESION": 13.040000000000001, "KAPKAN": 12.315999999999999, "J\u00c4GER": 11.772, "MIRA": 11.738, "KAID": 11.522, "DOC": 10.344, "MUTE": 9.447999999999999, "AZAMI": 9.287999999999998, "VIGIL": 7.172000000000001, "SOLIS": 7.1240000000000006, "WAMAI": 6.636000000000001, "FENRIR": 6.164, "THORN": 6.120000000000001, "WARDEN": 3.024, "FROST": 2.032, "SMOKE": 0.1719999999999997, "VALKYRIE": -4.367999999999999}, "impact_avg_atk": 4.883735958180404, "impact_avg_def": 9.809956140350877, "roam_avg_atk": 6.433777777777777, "roam_avg_def": 11.745777777777775}, "dokkaebees/fury": {"impact_atk": {"SLEDGE": 25.368181818181817, "IANA": 19.28090909090909, "ZOFIA": 19.269545454545458, "NOMAD": 10.909772727272726, "OSA": 8.828863636363636, "THERMITE": 0.797045454545454}, "roam_atk": {"ZOFIA": 13.244, "SLEDGE": 7.12, "IANA": 6.964, "OSA": 5.7459999999999996, "THERMITE": 5.004, "NOMAD": 4.449999999999999}, "impact_def": {"LESION": 34.54456572769953, "ALIBI": 27.697769953051647, "SMOKE": 13.587171361502348, "MUTE": 9.762335680751175}, "roam_def": {"ALIBI": 13.696, "LESION": 10.936, "MUTE": 10.912, "SMOKE": 6.8100000000000005}, "impact_avg_atk": 14.075719696969697, "impact_avg_def": 24.00155712050078, "roam_avg_atk": 7.088000000000001, "roam_avg_def": 11.847999999999999}, "coolvibes/carbonatedwood": {"impact_atk": {"THERMITE": 16.15}, "roam_atk": {"THERMITE": 4.691999999999999}, "impact_def": {"ROOK": 56.024677419354845}, "roam_def": {"ROOK": 13.98}, "impact_avg_atk": 16.15, "impact_avg_def": 56.024677419354845, "roam_avg_atk": 4.691999999999999, "roam_avg_def": 13.98}, "coolvibes/moshinzee": {"impact_atk": {"SLEDGE": 17.556520572450804, "DOKKAEBI": 13.46112254025045, "ZOFIA": 9.815295169946332, "THATCHER": 9.43807692307692, "JACKAL": 8.34975402504472, "MAVERICK": 8.188644901610015, "NOMAD": 4.485017889087656, "ZERO": 3.9697674418604656, "AMARU": 1.8814221824686927, "ACE": -0.322437388193203, "FINKA": -4.934704830053667, "FUZE": -7.925536672629695, "TWITCH": -9.57830053667263, "ASH": -11.49859570661896, "BUCK": -14.304432021466907, "CAPIT\u00c3O": -15.274150268336314, "YING": -16.960822898032202}, "roam_atk": {"DOKKAEBI": 12.792000000000002, "ZOFIA": 10.688, "JACKAL": 8.974, "SLEDGE": 8.102,